title,tag,source
20190528_Reglament_MalaltiesGreus_imp.pdf,Regulatory,https://drive.google.com/file/d/1e6e3Jx4PC38C3B199WJcqiU5AY_n_usF/view?usp=drivesdk
Prestació de Gran Dependència.pdf,Contracts,https://drive.google.com/file/d/191aSOuR-bCSQoKW6orSuAn6zPbOfdnAc/view?usp=drivesdk
Prestació Despeses Quirúrgiques.pdf,Contracts,https://drive.google.com/file/d/14yhAp0WtNR3l7evp2Of4Yapegv9g0IL4/view?usp=drivesdk
Prestació Hospitalització.pdf,Risk Assessment,https://drive.google.com/file/d/1km8ydQzCNPsth2VI-CNVQeI_Svjj7V1Z/view?usp=drivesdk
Prestació Rendes d'Invalidesa.pdf,Contracts,https://drive.google.com/file/d/1ZVx6LL20_7aLmj-lgMd3Ocf6g2Uf42Hq/view?usp=drivesdk
Prestació Baixa Laboral.pdf,Contracts,https://drive.google.com/file/d/18erOOYBE4QeOgOBNFltXMazmqoxKPrcV/view?usp=drivesdk
20190528_Reglament_Hospitalitzacio_web.pdf,Regulatory,https://drive.google.com/file/d/1tdzlVm_2DY7QGTt7k8d4JpViBhu02Y5r/view?usp=drivesdk
Cistella Temàtica RV.pdf,Risk Assessment,https://drive.google.com/file/d/1Ebiot5eInhtbRF8pHVFBOlV6B1i-6dI1/view?usp=drivesdk
La vida segueix millor amb els nostres Plans.pdf,Risk Assessment,https://drive.google.com/file/d/11J71RYsICxc85fAII3c89sDGN7Pxp2q1/view?usp=drivesdk
20220630_20220701_Reglament_GranDependencia.pdf,Regulatory,https://drive.google.com/file/d/1B0HEdsk0h2e0JGm0ihXPSvblwRoL1dIz/view?usp=drivesdk
20210629_20220101_Reglament_RendaEstudis_web.pdf,Regulatory,https://drive.google.com/file/d/1t_NZRFyBmhdQoUSCwK5_uuqlx6mSWHBu/view?usp=drivesdk
20190528_Reglament_RendesInvalidesa_imp.pdf,Regulatory,https://drive.google.com/file/d/1h0hnOJPGninBKydQEN4IcEHBZVKeF7JG/view?usp=drivesdk
